Student Answer,Human Score,AI Score,Delta,AI Feedback
The procedures I think they should have included inorder for me to replicate the experiment would be...,1.0,1.0,0.0,"The student has provided some relevant information that could be useful for replicating the experiment, such as the number of samples used and the tool used to determine mass. However, they have not addressed key factors like the amount of vinegar used, the size of the marble chip, the size/type of the container, or the duration of the experiment. To improve, the student should study the importance of controlling variables in experiments and provide more specific details about the materials and procedures used. The instructor may want to review this grade as the confidence level is below 0.7 due to the partial relevance of the student's answer."
"In order to replicate this experiment, you would need to know how many ml of vinegar they used, how ...",1.0,2.0,1.0,"The student correctly identifies the need for the amount of vinegar used and the mass of the samples, which aligns with the requirements for replicability. However, they missed other crucial details such as the size of the marble chip and the size/type of the container. They also introduced irrelevant information about rinsing the samples with distilled water. To improve, the student should study the importance of controlling variables in experiments. If the instructor could review this grade, it would be beneficial due to the complexity of assessing partial correctness."
"In order to replicate their experiment, you would need to know how much vinegar you are pouring into...",3.0,2.0,1.0,"The student correctly identifies the need for specific information about the amount of vinegar used, the type of containers, and the material the samples will sit on to replicate the experiment. However, they do not mention the mass/size of the marble chip or the duration of the experiment, which are crucial for replication. To improve, the student should study the importance of detailed methodology in scientific experiments and ensure they include all necessary parameters. If the instructor could review this grade, it would be beneficial due to the complexity of the question."
Pleace a simple of one material into one container and label it. Repeat with remaining samples placi...,0.0,0.0,0.0,"The student's answer does not address the question, which asks for additional information needed to replicate the experiment. The answer provided seems to describe a procedure for setting up samples rather than providing details necessary for replication. To improve, the student should study the concept of experimental replication and consider what specific details are required to ensure that an experiment can be accurately repeated. If the instructor is unsure about this grade, they should review it."
"Determin the mass of four different samples marble, limestone, wood, plastic. They all have starting...",0.0,0.0,0.0,"The student's answer does not address the question of what additional information is needed to replicate the experiment. Instead, it appears to describe the results of an experiment. To improve, the student should focus on identifying the key parameters that need to be reported to allow someone else to replicate the experiment, such as the amount of vinegar used, the size of the marble chip, and the duration of the experiment. The instructor should review this grade as the response seems unrelated to the question asked."
In order to repeat the experiment you would need to know what you are testing for. They never say th...,2.0,2.0,0.0,"The student correctly identifies the need for knowing the amount of vinegar used and the purpose of the experiment to replicate it, showing understanding of key experimental variables. However, they do not explicitly mention the mass/size of the marble chip or the size/type of the container, which are crucial for replication. To improve, the student should focus on systematically identifying all necessary parameters for experimental replication. The instructor may want to review this grade as the feedback provided indicates some ambiguity in the grading decision."
To replicate this experiment you would need four new samples. You would also need more vinegar and n...,0.0,1.0,1.0,"The student correctly identifies the need for more vinegar and new containers to replicate the experiment, showing some understanding of the requirements for replication. However, the answer lacks specificity and does not provide detailed information about the amount of vinegar, the size or type of containers, or other crucial factors such as the duration of the experiment or the characteristics of the marble chip. To improve, the student should study the importance of precise measurement and documentation in scientific experiments. If the instructor is unsure about this grade, they should review it."
"After reading the procedure, there is a lot more information that they need in order to replicate th...",1.0,2.0,1.0,"The student correctly identifies the need for more specific information about the amount of vinegar used and the type of container. However, they do not mention the mass/size of the marble chip or the duration of the experiment, which are crucial for replicability. To improve, the student should study the importance of detailed protocols in scientific experiments and practice identifying all necessary parameters for replication. The instructor may want to review this grade as the confidence level is moderate."
"After reading the group's procedures, I would need to know the exact amount of vinegar in each conta...",3.0,2.0,1.0,"The student correctly identifies the need for the amount of vinegar used and the duration of the experiment (through rinsing and drying times), which are crucial for replicability. However, they also mention factors such as storage conditions (cold or hot room with light or dark) and the formula for finding the difference, which, while important for accuracy, are not directly listed in the answer key. The student loses marks for not explicitly mentioning the mass/size of the marble chip and the size/type of the container. To improve, the student should focus on identifying the most critical variables that directly affect the experiment's replicability, such as those listed in the answer key."
"After reading the groups procedure, I would need to know the names of the three samples being tested...",2.0,2.0,0.0,"The student correctly identifies the need for specific details such as the amount of sample used and how the mass was recorded to replicate the experiment. However, they missed crucial information like the amount of vinegar used, the size of the marble chip, and the type of container, which are essential for replication. To improve, the student should study the importance of controlling variables in experiments and focus on identifying key factors that directly impact the experiment's outcome. If the instructor could review this grade, it would be beneficial due to the complexity of the question and the student's partial understanding."
